match_id,team,home_away,fifa_rank,elo_rating,host_nation,stage,match_number,squad_avg_age,squad_total_value_eur_m,goals_scored
M001,Mexico,1,14,1810,1,1,1,27.9,411.91,2
M001,South Africa,0,60,1620,0,1,1,26.81,47.7,0
M002,South Korea,1,22,1800,0,1,2,28.07,139.05,2
M002,Czechia,0,40,1740,0,1,2,27.62,187.14,1
M003,Canada,1,33,1795,1,1,3,26.97,204.23,1
M003,Bosnia and Herzegovina,0,64,1645,0,1,3,26.46,146.4,1
M004,USA,1,17,1850,1,1,4,26.9,386.57,4
M004,Paraguay,0,54,1725,0,1,4,29.0,135.68,1
M005,Haiti,1,83,1530,0,1,5,27.51,61.33,0
M005,Scotland,0,39,1720,0,1,5,29.2,132.03,1
M006,Australia,1,27,1790,0,1,6,27.36,80.04,2
M006,Türkiye,0,26,1780,0,1,6,27.67,461.17,0
M007,Brazil,1,6,2030,0,1,7,29.36,893.23,1
M007,Morocco,0,7,1920,0,1,7,26.6,456.75,1
M008,Qatar,1,56,1600,0,1,8,29.51,121.3,1
M008,Switzerland,0,19,1860,0,1,8,28.31,357.18,1
M009,Côte d'Ivoire,1,38,1750,0,1,9,25.85,494.77,1
M009,Ecuador,0,23,1870,0,1,9,26.08,258.79,0
M010,Germany,1,10,1970,0,1,10,28.05,988.74,7
M010,Curaçao,0,82,1520,0,1,10,28.02,40.07,1
M011,Netherlands,1,8,1980,0,1,11,27.77,765.22,2
M011,Japan,0,18,1880,0,1,11,27.5,270.85,2
M012,Sweden,1,25,1815,0,1,12,27.56,408.52,5
M012,Tunisia,0,45,1710,0,1,12,26.64,78.91,1
M013,Saudi Arabia,1,58,1660,0,1,13,28.52,129.54,1
M013,Uruguay,0,16,1960,0,1,13,28.74,320.35,1
M014,Spain,1,2,2120,0,1,14,26.75,2134.17,0
M014,Cabo Verde,0,67,1640,0,1,14,29.68,95.33,0
M015,IR Iran,1,20,1820,0,1,15,30.33,145.44,2
M015,New Zealand,0,85,1510,0,1,15,28.27,37.91,2
M016,Belgium,1,9,1950,0,1,16,27.61,634.07,1
M016,Egypt,0,36,1730,0,1,16,29.06,197.59,1
M017,France,1,3,2100,0,1,17,27.0,1546.2,3
M017,Senegal,0,15,1840,0,1,17,27.09,456.35,1
M018,Iraq,1,55,1630,0,1,18,26.91,123.87,1
M018,Norway,0,44,1775,0,1,18,26.8,465.15,4
M019,Argentina,1,1,2150,0,1,19,29.12,1025.04,3
M019,Algeria,0,28,1760,0,1,19,26.86,229.14,0
M020,Austria,1,24,1830,0,1,20,28.61,243.92,3
M020,Jordan,0,63,1610,0,1,20,28.47,104.31,1
M021,Ghana,1,49,1690,0,1,21,26.98,198.84,1
M021,Panama,0,34,1680,0,1,21,30.43,174.13,0
M022,England,1,4,2050,0,1,22,27.27,1321.82,4
M022,Croatia,0,11,1940,0,1,22,28.33,387.3,2
M023,Portugal,1,5,2010,0,1,23,28.04,1145.91,1
M023,Congo DR,0,61,1670,0,1,23,29.07,153.04,1
M024,Uzbekistan,1,50,1650,0,1,24,28.21,85.13,1
M024,Colombia,0,13,1990,0,1,24,30.09,460.94,3
M025,Czechia,1,40,1740,0,1,25,27.62,187.14,1
M025,South Africa,0,60,1620,0,1,25,26.81,47.7,1
M026,Switzerland,1,19,1860,0,1,26,28.31,357.18,4
M026,Bosnia and Herzegovina,0,64,1645,0,1,26,26.46,146.4,1
M027,Canada,1,33,1795,1,1,27,26.97,204.23,6
M027,Qatar,0,56,1600,0,1,27,29.51,121.3,0
M028,Mexico,1,14,1810,1,1,28,27.9,411.91,1
M028,South Korea,0,22,1800,0,1,28,28.07,139.05,0
M029,Brazil,1,6,2030,0,1,29,29.36,893.23,3
M029,Haiti,0,83,1530,0,1,29,27.51,61.33,0
M030,Scotland,1,39,1720,0,1,30,29.2,132.03,0
M030,Morocco,0,7,1920,0,1,30,26.6,456.75,1
M031,Türkiye,1,26,1780,0,1,31,27.67,461.17,0
M031,Paraguay,0,54,1725,0,1,31,29.0,135.68,1
M032,USA,1,17,1850,1,1,32,26.9,386.57,2
M032,Australia,0,27,1790,0,1,32,27.36,80.04,0
M033,Germany,1,10,1970,0,1,33,28.05,988.74,2
M033,Côte d'Ivoire,0,38,1750,0,1,33,25.85,494.77,1
M034,Ecuador,1,23,1870,0,1,34,26.08,258.79,0
M034,Curaçao,0,82,1520,0,1,34,28.02,40.07,0
M035,Netherlands,1,8,1980,0,1,35,27.77,765.22,5
M035,Sweden,0,25,1815,0,1,35,27.56,408.52,1
M036,Tunisia,1,45,1710,0,1,36,26.64,78.91,0
M036,Japan,0,18,1880,0,1,36,27.5,270.85,4
M037,Uruguay,1,16,1960,0,1,37,28.74,320.35,2
M037,Cabo Verde,0,67,1640,0,1,37,29.68,95.33,2
M038,Spain,1,2,2120,0,1,38,26.75,2134.17,4
M038,Saudi Arabia,0,58,1660,0,1,38,28.52,129.54,0
M039,Belgium,1,9,1950,0,1,39,27.61,634.07,0
M039,IR Iran,0,20,1820,0,1,39,30.33,145.44,0
M040,New Zealand,1,85,1510,0,1,40,28.27,37.91,1
M040,Egypt,0,36,1730,0,1,40,29.06,197.59,3
M041,Norway,1,44,1775,0,1,41,26.8,465.15,3
M041,Senegal,0,15,1840,0,1,41,27.09,456.35,2
M042,France,1,3,2100,0,1,42,27.0,1546.2,3
M042,Iraq,0,55,1630,0,1,42,26.91,123.87,0
M043,Argentina,1,1,2150,0,1,43,29.12,1025.04,2
M043,Austria,0,24,1830,0,1,43,28.61,243.92,0
M044,Jordan,1,63,1610,0,1,44,28.47,104.31,1
M044,Algeria,0,28,1760,0,1,44,26.86,229.14,2
M045,England,1,4,2050,0,1,45,27.27,1321.82,0
M045,Ghana,0,49,1690,0,1,45,26.98,198.84,0
M046,Panama,1,34,1680,0,1,46,30.43,174.13,0
M046,Croatia,0,11,1940,0,1,46,28.33,387.3,1
M047,Portugal,1,5,2010,0,1,47,28.04,1145.91,5
M047,Uzbekistan,0,50,1650,0,1,47,28.21,85.13,0
M048,Colombia,1,13,1990,0,1,48,30.09,460.94,1
M048,Congo DR,0,61,1670,0,1,48,29.07,153.04,0
M049,Scotland,1,39,1720,0,1,49,29.2,132.03,0
M049,Brazil,0,6,2030,0,1,49,29.36,893.23,3
M050,Morocco,1,7,1920,0,1,50,26.6,456.75,4
M050,Haiti,0,83,1530,0,1,50,27.51,61.33,2
M051,Switzerland,1,19,1860,0,1,51,28.31,357.18,2
M051,Canada,0,33,1795,1,1,51,26.97,204.23,1
M052,Bosnia and Herzegovina,1,64,1645,0,1,52,26.46,146.4,3
M052,Qatar,0,56,1600,0,1,52,29.51,121.3,1
M053,Czechia,1,40,1740,0,1,53,27.62,187.14,0
M053,Mexico,0,14,1810,1,1,53,27.9,411.91,3
M054,South Africa,1,60,1620,0,1,54,26.81,47.7,1
M054,South Korea,0,22,1800,0,1,54,28.07,139.05,0
M055,Curaçao,1,82,1520,0,1,55,28.02,40.07,0
M055,Côte d'Ivoire,0,38,1750,0,1,55,25.85,494.77,2
M056,Ecuador,1,23,1870,0,1,56,26.08,258.79,2
M056,Germany,0,10,1970,0,1,56,28.05,988.74,1
M057,Japan,1,18,1880,0,1,57,27.5,270.85,1
M057,Sweden,0,25,1815,0,1,57,27.56,408.52,1
M058,Tunisia,1,45,1710,0,1,58,26.64,78.91,1
M058,Netherlands,0,8,1980,0,1,58,27.77,765.22,3
M059,Türkiye,1,26,1780,0,1,59,27.67,461.17,3
M059,USA,0,17,1850,1,1,59,26.9,386.57,2
M060,Paraguay,1,54,1725,0,1,60,29.0,135.68,0
M060,Australia,0,27,1790,0,1,60,27.36,80.04,0
M061,Norway,1,44,1775,0,1,61,26.8,465.15,1
M061,France,0,3,2100,0,1,61,27.0,1546.2,4
M062,Senegal,1,15,1840,0,1,62,27.09,456.35,5
M062,Iraq,0,55,1630,0,1,62,26.91,123.87,0
M063,Egypt,1,36,1730,0,1,63,29.06,197.59,1
M063,IR Iran,0,20,1820,0,1,63,30.33,145.44,1
M064,New Zealand,1,85,1510,0,1,64,28.27,37.91,1
M064,Belgium,0,9,1950,0,1,64,27.61,634.07,5
M065,Cabo Verde,1,67,1640,0,1,65,29.68,95.33,0
M065,Saudi Arabia,0,58,1660,0,1,65,28.52,129.54,0
M066,Uruguay,1,16,1960,0,1,66,28.74,320.35,0
M066,Spain,0,2,2120,0,1,66,26.75,2134.17,1
M067,Panama,1,34,1680,0,1,67,30.43,174.13,0
M067,England,0,4,2050,0,1,67,27.27,1321.82,2
M068,Croatia,1,11,1940,0,1,68,28.33,387.3,2
M068,Ghana,0,49,1690,0,1,68,26.98,198.84,1
M069,Algeria,1,28,1760,0,1,69,26.86,229.14,3
M069,Austria,0,24,1830,0,1,69,28.61,243.92,3
M070,Jordan,1,63,1610,0,1,70,28.47,104.31,1
M070,Argentina,0,1,2150,0,1,70,29.12,1025.04,3
M071,Colombia,1,13,1990,0,1,71,30.09,460.94,0
M071,Portugal,0,5,2010,0,1,71,28.04,1145.91,0
M072,Congo DR,1,61,1670,0,1,72,29.07,153.04,3
M072,Uzbekistan,0,50,1650,0,1,72,28.21,85.13,1
M073,South Africa,1,60,1620,0,2,73,26.81,47.7,0
M073,Canada,0,33,1795,1,2,73,26.97,204.23,1
M074,Germany,1,10,1970,0,2,74,28.05,988.74,1
M074,Paraguay,0,54,1725,0,2,74,29.0,135.68,1
M075,Netherlands,1,8,1980,0,2,75,27.77,765.22,1
M075,Morocco,0,7,1920,0,2,75,26.6,456.75,1
M076,Brazil,1,6,2030,0,2,76,29.36,893.23,2
M076,Japan,0,18,1880,0,2,76,27.5,270.85,1
M077,France,1,3,2100,0,2,77,27.0,1546.2,3
M077,Sweden,0,25,1815,0,2,77,27.56,408.52,0
M078,Côte d'Ivoire,1,38,1750,0,2,78,25.85,494.77,1
M078,Norway,0,44,1775,0,2,78,26.8,465.15,2
M079,Mexico,1,14,1810,1,2,79,27.9,411.91,2
M079,Ecuador,0,23,1870,0,2,79,26.08,258.79,0
M080,England,1,4,2050,0,2,80,27.27,1321.82,2
M080,Congo DR,0,61,1670,0,2,80,29.07,153.04,1
M081,USA,1,17,1850,1,2,81,26.9,386.57,2
M081,Bosnia and Herzegovina,0,64,1645,0,2,81,26.46,146.4,0
M082,Belgium,1,9,1950,0,2,82,27.61,634.07,3
M082,Senegal,0,15,1840,0,2,82,27.09,456.35,2
M083,Portugal,1,5,2010,0,2,83,28.04,1145.91,2
M083,Croatia,0,11,1940,0,2,83,28.33,387.3,1
M084,Spain,1,2,2120,0,2,84,26.75,2134.17,3
M084,Austria,0,24,1830,0,2,84,28.61,243.92,0
M085,Switzerland,1,19,1860,0,2,85,28.31,357.18,2
M085,Algeria,0,28,1760,0,2,85,26.86,229.14,0
M086,Argentina,1,1,2150,0,2,86,29.12,1025.04,3
M086,Cabo Verde,0,67,1640,0,2,86,29.68,95.33,2
M087,Colombia,1,13,1990,0,2,87,30.09,460.94,1
M087,Ghana,0,49,1690,0,2,87,26.98,198.84,0
M088,Australia,1,27,1790,0,2,88,27.36,80.04,1
M088,Egypt,0,36,1730,0,2,88,29.06,197.59,1
M089,Paraguay,1,54,1725,0,3,89,29.0,135.68,0
M089,France,0,3,2100,0,3,89,27.0,1546.2,1
M090,Canada,1,33,1795,1,3,90,26.97,204.23,0
M090,Morocco,0,7,1920,0,3,90,26.6,456.75,3
M091,Brazil,1,6,2030,0,3,91,29.36,893.23,1
M091,Norway,0,44,1775,0,3,91,26.8,465.15,2
M092,Mexico,1,14,1810,1,3,92,27.9,411.91,2
M092,England,0,4,2050,0,3,92,27.27,1321.82,3
M093,Portugal,1,5,2010,0,3,93,28.04,1145.91,0
M093,Spain,0,2,2120,0,3,93,26.75,2134.17,1
M094,USA,1,17,1850,1,3,94,26.9,386.57,1
M094,Belgium,0,9,1950,0,3,94,27.61,634.07,4
M095,Argentina,1,1,2150,0,3,95,29.12,1025.04,3
M095,Egypt,0,36,1730,0,3,95,29.06,197.59,2
M096,Switzerland,1,19,1860,0,3,96,28.31,357.18,0
M096,Colombia,0,13,1990,0,3,96,30.09,460.94,0
M097,France,1,3,2100,0,4,97,27.0,1546.2,2
M097,Morocco,0,7,1920,0,4,97,26.6,456.75,0
M098,Spain,1,2,2120,0,4,98,26.75,2134.17,2
M098,Belgium,0,9,1950,0,4,98,27.61,634.07,1
M099,Norway,1,44,1775,0,4,99,26.8,465.15,1
M099,England,0,4,2050,0,4,99,27.27,1321.82,2
M100,Argentina,1,1,2150,0,4,100,29.12,1025.04,3
M100,Switzerland,0,19,1860,0,4,100,28.31,357.18,1
M101,France,1,3,2100,0,5,101,27.0,1546.2,0
M101,Spain,0,2,2120,0,5,101,26.75,2134.17,2
M102,England,1,4,2050,0,5,102,27.27,1321.82,1
M102,Argentina,0,1,2150,0,5,102,29.12,1025.04,2
M103,France,1,3,2100,0,6,103,27.0,1546.2,4
M103,England,0,4,2050,0,6,103,27.27,1321.82,6
M104,Spain,1,2,2120,0,7,104,26.75,2134.17,1
M104,Argentina,0,1,2150,0,7,104,29.12,1025.04,0
